Occupied,Capacity,Proportion
2,4,0.5
3,8,0.375
4,8,0.5
5,8,0.625
2,8,0.25
4,8,0.5
6,8,0.75
4,8,0.5
5,7,0.7142857143
6,8,0.75
7,8,0.875
6,8,0.75
3,8,0.375
4,8,0.5
5,8,0.625
5,8,0.625
5,6,0.8333333333
6,6,1
2,4,0.5
4,4,1
4,5,0.8
6,6,1
5,5,1
6,6,1
5,5,1
4,4,1
6,6,1
6,6,1
2,6,0.3333333333
3,6,0.5
2,6,0.3333333333
2,6,0.3333333333
3,6,0.5
4,6,0.6666666667
3,6,0.5
3,6,0.5
2,6,0.3333333333
6,6,1
5,6,0.8333333333
2,6,0.3333333333
6,6,1
2,6,0.3333333333
3,6,0.5
6,6,1
3,6,0.5
4,6,0.6666666667
4,6,0.6666666667
4,6,0.6666666667
4,6,0.6666666667
3,6,0.5
2,6,0.3333333333
5,6,0.8333333333
4,6,0.6666666667
1,6,0.1666666667
1,6,0.1666666667
3,6,0.5
2,6,0.3333333333
2,6,0.3333333333
3,6,0.5
4,6,0.6666666667
6,6,1
6,6,1
2,6,0.3333333333
3,6,0.5
4,4,1
6,8,0.75
2,3,0.6666666667
5,8,0.625
8,8,1
4,8,0.5
5,8,0.625
6,8,0.75
4,8,0.5
3,8,0.375
6,8,0.75
6,8,0.75
5,8,0.625
4,8,0.5
2,8,0.25
7,8,0.875
8,8,1
7,12,0.5833333333
8,12,0.6666666667
6,12,0.5
7,12,0.5833333333
5,12,0.4166666667
6,12,0.5
6,12,0.5
5,12,0.4166666667
6,12,0.5
7,12,0.5833333333
6,12,0.5
5,6,0.8333333333
5,10,0.5
30,32,0.9375
6,10,0.6
4,10,0.4
7,10,0.7
7,8,0.875
6,8,0.75
4,8,0.5
3,8,0.375
5,8,0.625
6,8,0.75
6,8,0.75
4,4,1
4,4,1
4,4,1
4,4,1
4,4,1
6,6,1
5,6,0.8333333333
5,6,0.8333333333
6,6,1
4,6,0.6666666667
6,6,1
6,6,1
2,6,0.3333333333
3,8,0.375
7,10,0.7
7,12,0.5833333333
9,12,0.75
7,12,0.5833333333
5,12,0.4166666667
5,10,0.5
8,10,0.8
5,10,0.5
6,10,0.6
5,10,0.5
4,6,0.6666666667
4,6,0.6666666667
6,6,1
5,6,0.8333333333
2,4,0.5
4,8,0.5
4,8,0.5
3,8,0.375
2,2,1
7,8,0.875
4,4,1
3,8,0.375
8,8,1
4,4,1