post_number,date,time,interval_min
1,2026-09-26,18:00,
2,2026-09-26,18:00,0
3,2026-09-26,18:00,0
4,2026-09-26,18:00,0
5,2026-09-26,18:09,9
6,2026-09-26,18:11,2
7,2026-09-26,18:19,8
8,2026-09-26,18:28,9
9,2026-09-26,18:29,1
10,2026-09-26,18:30,1
11,2026-09-26,18:34,4
12,2026-09-26,18:36,2
13,2026-09-26,18:47,11
14,2026-09-26,18:51,4
15,2026-09-26,19:01,10
16,2026-09-26,19:03,2
17,2026-09-26,19:05,2
18,2026-09-26,19:08,3
19,2026-09-26,19:09,1
20,2026-09-26,19:21,12
21,2026-09-26,19:26,5
22,2026-09-26,19:38,12
23,2026-09-26,19:38,0
24,2026-09-26,19:38,0
25,2026-09-26,19:39,1
26,2026-09-26,19:39,0
27,2026-09-26,19:40,1
28,2026-09-26,19:44,4
29,2026-09-26,19:46,2
30,2026-09-26,19:59,13
31,2026-09-26,20:02,3
32,2026-09-26,20:02,0
33,2026-09-26,20:02,0
34,2026-09-26,20:04,2
35,2026-09-26,20:05,1
36,2026-09-26,20:07,2
37,2026-09-26,20:07,0
38,2026-09-26,20:07,0
39,2026-09-26,20:13,6
40,2026-09-26,20:21,8
41,2026-09-26,20:22,1
42,2026-09-26,20:25,3
43,2026-09-26,20:26,1
44,2026-09-26,20:26,0
45,2026-09-26,20:29,3
46,2026-09-26,20:30,1
47,2026-09-26,20:34,4
48,2026-09-26,20:43,9
49,2026-09-26,20:47,4
50,2026-09-26,20:47,0
51,2026-09-26,20:47,0
52,2026-09-26,20:49,2
53,2026-09-26,20:50,1
54,2026-09-26,20:50,0
55,2026-09-26,20:55,5
56,2026-09-26,21:04,9
57,2026-09-26,21:04,0
58,2026-09-26,21:10,6
59,2026-09-26,21:16,6
60,2026-09-26,21:17,1
61,2026-09-26,21:17,0
62,2026-09-26,21:19,2
63,2026-09-26,21:23,4
64,2026-09-26,21:24,1
65,2026-09-26,21:25,1
66,2026-09-26,21:25,0
67,2026-09-26,21:25,0
68,2026-09-26,21:31,6
69,2026-09-26,21:32,1
70,2026-09-26,21:33,1
71,2026-09-26,21:34,1
72,2026-09-26,21:45,11
73,2026-09-26,21:49,4
74,2026-09-26,21:56,7
75,2026-09-26,22:05,9
